<?xml version="1.0" encoding="UTF-8"?>
<beans xmlns="http://www.springframework.org/schema/beans"
	xmlns:xsi="http://www.w3.org/2001/XMLSchema-instance" xmlns:p="http://www.springframework.org/schema/p"
	xmlns:context="http://www.springframework.org/schema/context"
	xmlns:aop="http://www.springframework.org/schema/aop" xmlns:tx="http://www.springframework.org/schema/tx"
	xsi:schemaLocation="http://www.springframework.org/schema/beans  
           http://www.springframework.org/schema/beans/spring-beans-4.0.xsd  
           http://www.springframework.org/schema/aop   
           http://www.springframework.org/schema/aop/spring-aop-4.0.xsd  
           http://www.springframework.org/schema/tx  
           http://www.springframework.org/schema/tx/spring-tx-4.0.xsd  
           http://www.springframework.org/schema/context  
           http://www.springframework.org/schema/context/spring-context-4.0.xsd"
	default-autowire="byName" default-lazy-init="false">
	
     <context:annotation-config/>
 
    <context:component-scan base-package="com.xxxx" />  
    <context:component-scan base-package="com.oauth" />
     
   <!-- proxy-target-class默认"false",更改为"ture"使用CGLib动态代理 -->
	<aop:aspectj-autoproxy proxy-target-class="true" />

	<import resource="classpath:spring/dubbo-consumer-${spring.profiles.active}.xml" />

	<import resource="classpath:spring/dubbo-provider.xml" />
	
	<import resource="classpath:spring/security-context.xml"/>

	<import resource="classpath:spring/mysql-context.xml"/>


</beans>  